,Sex,Fatal (Y/N)
0,M,N
1,M,N
2,M,N
3,M,N
4,M,N
5,M,N
6,F,N
7,M,Y
8,F,N
9,M,N
10,M,N
11,M,N
12,M,N
13,M,N
14,M,N
15,M,N
16,M,N
17,M,N
18,M,N
19,M,N
20,M,N
21,M,N
22,M,N
23,M,N
24,M,N
25,M,N
26,M,N
27,M,N
28,F,N
29,F,N
30,M,N
31,M,N
32,F,N
33,M,N
34,M,N
35,M,N
36,F,N
37,M,N
38,M,N
39,M,N
40,M,N
41,M,N
42,M,N
43,M,N
44,M,N
45,M,N
46,F,N
47,M,N
48,M,N
49,M,N
50,F,Y
51,M,N
52,M,N
53,M,Y
54,F,N
55,M,N
56,F,N
57,F,N
58,F,N
59,M,N
60,F,N
61,M,N
62,M,N
63,M,N
64,M,N
65,M,N
66,M,N
67,M,N
68,M,N
69,F,Y
70,M,N
71,M,N
72,M,N
73,F,N
74,M,N
75,M,N
76,M,N
77,M,N
78,M,N
79,M,Y
80,M,N
81,M,N
82,M,N
83,M,N
84,M,N
85,F,N
86,M,N
87,M,N
88,F,N
89,M,N
90,M,N
91,M,N
92,F,N
93,M,N
94,M,N
95,M,N
96,M,N
97,M,N
98,M,N
99,M,N
100,F,N
101,M,N
102,M,N
103,M,N
104,M,Y
105,M,N
106,F,N
107,M,N
108,F,N
109,M,N
110,M,N
111,F,N
112,M,N
113,F,N
114,M,N
115,M,N
116,M,N
117,M,N
118,M,N
119,M,N
120,F,Y
121,M,N
122,M,N
123,M,N
124,F,N
125,M,N
126,M,N
127,M,N
128,M,N
129,M,N
130,M,N
131,M,N
132,F,N
133,M,N
134,M,N
135,M,N
136,M,N
137,M,N
138,M,N
139,M,N
140,M,N
141,F,N
142,M,N
143,M,N
144,M,N
145,F,N
146,M,N
147,F,N
148,M,N
149,M,N
150,M,N
151,M,N
152,F,N
153,M,N
154,M,N
155,M,N
156,M,N
157,M,N
158,F,N
159,M,Y
160,M,N
161,M,N
162,M,N
163,M,N
164,M,N
165,M,N
166,M,N
167,F,N
168,M,N
169,M,N
170,M,N
171,M,N
172,M,N
173,M,N
174,M,N
175,M,N
176,F,N
177,M,N
178,M,N
179,M,N
180,M,N
181,M,N
182,F,N
183,M,N
184,M,N
185,M,N
186,M,N
187,F,N
188,F,N
189,F,N
190,M,N
191,F,N
192,M,N
193,F,N
194,F,N
195,M,N
196,F,N
197,M,N
198,M,N
199,M,Y
200,M,N
201,M,N
202,M,N
203,F,Y
204,M,N
205,M,N
206,M,N
207,M,N
208,M,N
209,M,Y
210,M,N
211,M,N
212,M,Y
213,M,N
214,M,Y
215,M,N
216,M,N
217,M,N
218,M,N
219,M,N
220,F,Y
221,M,Y
222,M,N
223,M,N
224,M,N
225,M,N
226,M,N
227,M,N
228,F,N
229,M,N
230,M,N
231,M,N
232,F,N
233,M,N
234,M,N
235,M,Y
236,M,N
237,M,N
238,M,N
239,M,Y
240,M,N
241,M,N
242,M,Y
243,M,N
244,M,N
245,M,N
246,M,N
247,M,N
248,F,N
249,M,N
250,F,N
251,M,N
252,F,N
253,M,N
254,F,N
255,F,N
256,F,N
257,F,N
258,M,N
259,M,N
260,M,N
261,M,N
262,M,N
263,M,N
264,M,N
265,M,N
266,F,N
267,M,N
268,M,Y
269,M,N
270,F,N
271,M,N
272,M,N
273,F,N
274,M,N
275,M,N
276,F,N
277,M,N
278,F,N
279,M,N
280,M,N
281,M,N
282,M,N
283,M,N
284,F,N
285,M,N
286,M,N
287,F,N
288,M,N
289,M,N
290,M,N
291,M,Y
292,M,N
293,M,N
294,M,N
295,M,N
296,M,N
297,M,Y
298,M,N
299,M,N
300,M,N
301,M,N
302,M,N
303,M,N
304,M,N
305,M,N
306,M,N
307,M,N
308,M,N
309,M,N
310,M,N
311,M,N
312,F,N
313,F,N
314,M,N
315,F,N
316,F,N
317,M,N
318,M,N
319,M,N
320,F,N
321,M,N
322,F,N
323,M,N
324,M,N
325,F,N
326,M,N
327,M,N
328,M,N
329,M,N
330,M,N
331,M,N
332,M,N
333,F,Y
334,M,Y
335,M,Y
336,M,N
337,M,N
338,M,N
339,M,N
340,M,N
341,F,N
342,M,N
343,M,N
344,M,N
345,M,N
346,M,Y
347,M,N
348,M,N
349,M,N
350,M,N
351,M,N
352,M,N
353,M,N
354,M,N
355,M,N
356,M,N
357,M,N
358,M,Y
359,M,Y
360,F,N
361,M,Y
362,M,N
363,M,N
364,M,N
365,M,N
366,M,N
367,M,N
368,F,N
369,M,N
370,M,N
371,M,N
372,M,N
373,M,N
374,M,N
375,M,Y
376,M,N
377,M,N
378,M,N
379,M,N
380,M,N
381,M,N
382,M,N
383,M,N
384,M,N
385,F,N
386,M,N
387,M,N
388,M,N
389,M,N
390,M,N
391,M,N
392,M,N
393,M,N
394,F,N
395,M,N
396,F,N
397,M,N
398,M,N
399,F,N
400,F,Y
401,F,N
402,M,N
403,M,N
404,M,N
405,F,N
406,M,N
407,M,N
408,F,N
409,M,N
410,M,N
411,M,N
412,F,Y
413,F,N
414,M,N
415,F,Y
416,M,Y
417,F,N
418,M,N
419,M,N
420,M,N
421,M,Y
422,M,N
423,M,N
424,M,N
425,M,N
426,M,N
427,M,N
428,F,N
429,F,N
430,M,N
431,M,N
432,M,N
433,M,N
434,M,Y
435,M,N
436,M,N
437,M,Y
438,M,Y
439,M,N
440,M,N
441,F,N
442,M,N
443,M,N
444,M,N
445,M,N
446,M,Y
447,M,N
448,M,N
449,M,Y
450,M,N
451,M,N
452,M,N
453,F,N
454,M,N
455,M,N
456,M,N
457,M,Y
458,M,N
459,M,N
460,M,N
461,M,Y
462,M,N
463,M,N
464,M,N
465,M,N
466,M,N
467,M,N
468,M,N
469,M,N
470,M,N
471,M,N
472,M,N
473,M,N
474,M,N
475,M,Y
476,M,N
477,M,N
478,M,N
479,F,N
480,M,N
481,M,N
482,M,Y
483,M,N
484,M,N
485,M,N
486,M,N
487,F,N
488,M,Y
489,F,N
490,M,N
491,M,N
492,M,N
493,F,N
494,M,N
495,M,N
496,M,N
497,M,N
498,M,N
499,F,N
500,M,N
501,M,N
502,M,N
503,M,N
504,M,N
505,F,N
506,F,N
507,M,N
508,M,N
509,M,Y
510,M,N
511,M,N
512,M,N
513,M,N
514,M,N
515,M,N
516,M,N
517,M,N
518,M,N
519,M,Y
520,M,Y
521,F,N
522,M,Y
523,F,N
524,M,N
525,F,Y
526,M,N
527,M,N
528,M,N
529,M,N
530,F,N
531,M,N
532,M,N
533,M,N
534,M,N
535,F,N
536,M,N
537,F,N
538,M,N
539,M,N
540,M,N
541,M,N
542,M,N
543,M,N
544,F,N
545,M,N
546,F,N
547,M,N
548,M,N
549,M,N
550,M,N
551,M,N
552,F,N
553,F,N
554,M,N
555,M,Y
556,M,N
557,M,N
558,M,N
559,M,Y
560,M,N
561,M,N
562,M,N
563,F,N
564,M,N
565,M,N
566,F,N
567,M,N
568,M,N
569,M,N
570,M,N
571,M,N
572,M,N
573,M,N
574,M,N
575,M,N
576,M,N
577,M,N
578,M,Y
579,M,N
580,M,N
581,M,N
582,M,N
583,M,N
584,M,N
585,M,N
586,M,N
587,M,N
588,M,N
589,M,N
590,M,N
591,F,N
592,M,N
593,M,N
594,M,N
595,M,N
596,M,N
597,M,N
598,M,N
599,M,N
600,M,N
601,M,Y
602,M,N
603,M,N
604,M,N
605,M,N
606,M,Y
607,M,N
608,M,N
609,M,N
610,M,N
611,M,N
612,M,N
613,M,N
614,M,N
615,M,N
616,M,Y
617,M,Y
618,M,N
619,M,N
620,M,N
621,M,Y
622,M,N
623,M,N
624,M,Y
625,F,N
626,M,N
627,M,N
628,M,N
629,M,Y
630,M,N
631,F,N
632,M,N
633,M,N
634,M,N
635,M,N
636,M,Y
637,M,N
638,M,N
639,M,Y
640,M,Y
641,M,N
642,M,N
643,M,N
644,F,N
645,M,N
646,M,N
647,M,N
648,M,N
649,M,N
650,M,N
651,M,N
652,M,N
653,M,N
654,M,N
655,F,N
656,M,N
657,M,N
658,M,N
659,M,Y
660,M,Y
661,M,N
662,M,N
663,M,N
664,M,N
665,F,N
666,F,N
667,M,N
668,F,N
669,F,N
670,M,Y
671,M,Y
672,M,N
673,M,N
674,M,N
675,M,N
676,M,N
677,M,N
678,M,N
679,M,N
680,M,N
681,M,N
682,M,N
683,M,N
684,F,N
685,M,N
686,M,N
687,M,N
688,F,N
689,F,N
690,M,N
691,M,N
692,M,N
693,M,N
694,M,Y
695,M,N
696,M,N
697,M,N
698,M,N
699,F,N
700,M,N
701,M,N
702,F,N
703,M,Y
704,M,N
705,M,N
706,M,N
707,M,N
708,F,Y
709,M,N
710,M,N
711,M,N
712,F,N
713,F,N
714,M,N
715,M,Y
716,M,N
717,M,Y
718,M,N
719,M,N
720,F,N
721,M,N
722,M,N
723,M,N
724,M,N
725,M,N
726,M,Y
727,F,N
728,M,N
729,M,N
730,F,N
731,M,N
732,M,N
733,M,N
734,M,Y
735,M,N
736,M,N
737,M,N
738,M,N
739,M,N
740,M,N
741,M,N
742,M,Y
743,M,N
744,M,Y
745,M,N
746,F,N
747,F,N
748,M,N
749,M,N
750,M,N
751,F,N
752,M,N
753,F,N
754,M,N
755,M,N
756,M,N
757,F,N
758,M,N
759,M,N
760,M,N
761,M,N
762,F,N
763,M,N
764,M,N
765,M,N
766,M,N
767,F,N
768,F,N
769,M,N
770,F,N
771,M,N
772,M,N
773,M,N
774,F,N
775,F,N
776,M,N
777,M,N
778,F,N
779,M,N
780,M,N
781,M,N
782,M,N
783,M,N
784,M,N
785,M,N
786,M,Y
787,F,N
788,M,N
789,M,N
790,M,N
791,M,N
792,M,Y
793,M,Y
794,F,N
795,M,N
796,M,N
797,M,N
798,M,N
799,M,Y
800,F,N
801,F,N
802,M,N
803,M,N
804,M,N
805,M,N
806,M,N
807,M,N
808,M,N
809,M,N
810,M,N
811,M,Y
812,M,N
813,M,Y
814,M,N
815,M,N
816,M,N
817,M,N
818,M,N
819,M,N
820,F,N
821,M,N
822,M,N
823,M,N
824,M,N
825,M,N
826,F,N
827,M,N
828,M,N
829,F,N
830,M,N
831,M,N
832,M,N
833,M,N
834,M,N
835,M,N
836,M,N
837,M,Y
838,M,Y
839,M,Y
840,M,Y
841,M,N
842,M,N
843,M,Y
844,F,N
845,M,N
846,M,N
847,M,N
848,M,N
849,M,N
850,M,N
851,F,N
852,M,Y
853,F,N
854,F,N
855,F,N
856,F,N
857,M,N
858,M,N
859,M,N
860,M,N
861,F,N
862,F,N
863,M,N
864,M,N
865,M,N
866,M,N
867,M,N
868,M,N
869,F,Y
870,M,N
871,M,N
872,M,N
873,M,N
874,M,N
875,M,N
876,M,N
877,F,N
878,M,N
879,M,N
880,M,N
881,M,N
882,M,N
883,M,N
884,M,N
885,M,Y
886,M,N
887,M,N
888,M,N
889,M,Y
890,M,N
891,M,N
892,F,N
893,F,N
894,F,N
895,M,N
896,M,N
897,M,Y
898,M,N
899,M,N
900,M,N
901,M,N
902,M,N
903,M,N
904,M,N
905,M,Y
906,M,N
907,M,N
908,M,N
909,M,Y
910,M,N
911,M,N
912,M,Y
913,M,Y
914,M,N
915,M,N
916,M,N
917,F,N
918,M,N
919,M,N
920,M,N
921,M,N
922,M,N
923,M,Y
924,M,N
925,M,N
926,M,N
927,M,Y
928,F,N
929,M,N
930,F,N
931,M,N
932,M,Y
933,M,Y
934,M,N
935,M,N
936,M,N
937,M,N
938,M,N
939,M,N
940,M,N
941,M,N
942,M,N
943,M,N
944,M,N
945,M,N
946,M,N
947,M,N
948,M,N
949,M,N
950,M,N
951,M,N
952,M,Y
953,M,N
954,M,N
955,M,N
956,M,N
957,F,N
958,M,N
959,M,N
960,F,N
961,F,N
962,M,N
963,M,N
964,M,N
965,M,N
966,M,N
967,M,N
968,M,N
969,F,N
970,M,N
971,F,N
972,M,N
973,M,N
974,M,N
975,M,N
976,M,N
977,F,N
978,F,N
979,M,N
980,M,Y
981,M,N
982,M,N
983,M,N
984,M,N
985,M,N
986,M,N
987,F,N
988,F,N
989,M,N
990,M,N
991,F,N
992,M,N
993,M,N
994,M,N
995,M,N
996,M,Y
997,M,Y
998,M,N
999,M,N
1000,M,N
1001,M,N
1002,M,Y
1003,M,N
1004,M,N
1005,M,N
1006,M,N
1007,M,Y
1008,M,N
1009,M,N
1010,M,Y
1011,M,N
1012,M,N
1013,M,N
1014,M,N
1015,M,Y
1016,M,N
1017,M,N
1018,M,N
1019,M,N
1020,M,N
1021,M,N
1022,M,N
1023,M,N
1024,M,Y
1025,M,N
1026,M,N
1027,F,N
1028,M,N
1029,M,N
1030,M,N
1031,M,N
1032,M,N
1033,M,N
1034,M,N
1035,M,N
1036,M,Y
1037,M,N
1038,M,N
1039,M,N
1040,M,N
1041,F,N
1042,M,N
1043,M,N
1044,M,N
1045,M,N
1046,M,N
1047,M,N
1048,M,N
1049,M,N
1050,M,N
1051,F,N
1052,M,N
1053,M,N
1054,M,N
1055,M,N
1056,M,Y
1057,F,Y
1058,F,N
1059,F,N
1060,F,N
1061,F,Y
1062,F,N
1063,M,N
1064,M,N
1065,M,N
1066,F,N
1067,M,N
1068,F,N
1069,F,N
1070,M,N
1071,F,N
1072,M,N
1073,M,N
1074,M,N
1075,M,N
1076,M,N
1077,M,N
1078,M,N
1079,M,N
1080,M,N
1081,M,N
1082,M,N
1083,F,N
1084,M,N
1085,M,N
1086,M,N
1087,F,N
1088,M,N
1089,M,N
1090,M,N
1091,M,N
1092,M,N
1093,M,N
1094,M,N
1095,M,N
1096,F,N
1097,F,N
1098,F,N
1099,M,N
1100,M,N
1101,M,N
1102,F,N
1103,M,N
1104,M,N
1105,F,N
1106,F,N
1107,M,N
1108,F,N
1109,F,N
1110,M,N
1111,F,N
1112,M,N
1113,F,N
1114,M,N
1115,M,Y
1116,F,N
1117,M,N
1118,F,N
1119,F,N
1120,M,N
1121,M,N
1122,M,N
1123,M,N
1124,M,N
1125,M,N
1126,M,N
1127,F,N
1128,M,N
1129,F,N
1130,M,N
1131,M,N
1132,M,Y
1133,M,N
1134,M,N
1135,M,N
1136,M,N
1137,M,Y
1138,M,Y
1139,M,N
1140,M,N
1141,M,N
1142,M,N
1143,M,N
1144,M,N
1145,M,N
1146,M,N
1147,M,N
1148,M,N
1149,M,N
1150,M,N
1151,M,N
1152,M,N
1153,M,N
1154,F,N
1155,M,N
1156,M,N
1157,M,N
1158,M,N
1159,M,N
1160,M,N
1161,M,Y
1162,M,Y
1163,M,N
1164,M,N
1165,M,N
1166,M,N
1167,M,N
1168,M,N
1169,M,Y
1170,M,Y
1171,M,Y
1172,M,Y
1173,M,N
1174,M,N
1175,F,N
1176,M,N
1177,M,N
1178,M,N
1179,M,N
1180,M,N
1181,M,N
1182,M,N
1183,M,N
1184,F,N
1185,F,N
1186,M,Y
1187,M,N
1188,M,N
1189,F,N
1190,M,N
1191,F,N
1192,M,N
1193,F,N
1194,M,N
1195,M,N
1196,F,N
1197,M,Y
1198,M,N
1199,M,N
1200,F,N
1201,M,N
1202,M,N
1203,M,N
1204,M,N
1205,M,N
1206,F,N
1207,M,N
1208,F,N
1209,M,N
1210,M,Y
1211,M,N
1212,F,N
1213,M,N
1214,M,N
1215,M,N
1216,M,N
1217,M,N
1218,M,Y
1219,F,N
1220,M,Y
1221,M,N
1222,M,N
1223,F,N
1224,M,Y
1225,M,N
1226,M,N
1227,M,N
1228,M,N
1229,F,Y
1230,M,N
1231,M,N
1232,M,N
1233,F,N
1234,M,N
1235,M,N
1236,M,N
1237,F,Y
1238,M,N
1239,M,N
1240,M,N
1241,M,N
1242,M,N
1243,M,N
1244,M,N
1245,M,N
1246,M,N
1247,M,N
1248,M,N
1249,M,N
1250,M,N
1251,M,N
1252,M,N
1253,M,N
1254,M,N
1255,M,N
1256,M,N
1257,F,N
1258,M,N
1259,M,N
1260,F,N
1261,M,N
1262,M,N
1263,M,N
1264,M,N
1265,M,N
1266,M,N
1267,M,N
1268,F,N
1269,M,Y
1270,M,N
1271,F,N
1272,M,N
1273,M,N
1274,M,Y
1275,M,Y
1276,M,N
1277,M,N
1278,M,N
1279,M,N
1280,M,N
1281,M,N
1282,M,Y
1283,F,N
1284,M,N
1285,M,N
1286,M,Y
1287,M,N
1288,M,N
1289,F,N
1290,M,N
1291,M,N
1292,F,Y
1293,F,Y
1294,M,N
1295,M,N
1296,M,N
1297,F,N
1298,F,N
1299,M,N
1300,M,Y
1301,M,N
1302,M,N
1303,F,N
1304,M,N
1305,M,N
1306,M,N
1307,M,N
1308,M,N
1309,M,N
1310,M,N
1311,M,N
1312,F,N
1313,M,N
1314,M,N
1315,F,N
1316,F,N
1317,M,N
1318,M,N
1319,M,N
1320,M,Y
1321,M,N
1322,M,N
1323,M,N
1324,M,N
1325,M,N
1326,M,N
1327,M,N
1328,M,N
1329,M,N
1330,M,N
1331,M,N
1332,M,N
1333,F,N
1334,M,Y
1335,M,Y
1336,M,N
1337,M,N
1338,F,Y
1339,M,N
1340,M,N
1341,M,N
1342,M,N
1343,M,N
1344,M,N
1345,M,N
1346,M,N
1347,M,N
1348,M,N
1349,M,N
1350,M,N
1351,F,N
1352,F,N
1353,M,N
1354,M,N
1355,M,Y
1356,M,N
1357,M,N
1358,F,N
1359,M,N
1360,F,N
1361,F,N
1362,F,N
1363,M,N
1364,M,N
1365,M,Y
1366,F,N
1367,M,N
1368,M,N
1369,M,N
1370,F,N
1371,M,N
1372,M,N
1373,M,Y
1374,M,N
1375,M,N
1376,M,N
1377,M,N
1378,M,N
1379,F,N
1380,F,N
1381,M,N
1382,M,N
1383,M,Y
1384,M,N
1385,M,Y
1386,M,Y
1387,M,Y
1388,M,N
1389,F,Y
1390,M,N
1391,M,N
1392,M,N
1393,M,N
1394,M,N
1395,M,N
1396,F,N
1397,M,N
1398,M,N
1399,M,N
1400,M,Y
1401,M,N
1402,M,N
1403,M,N
1404,M,Y
1405,M,N
1406,M,N
1407,M,N
1408,M,N
1409,M,N
1410,M,N
1411,M,N
1412,M,N
1413,M,N
1414,M,N
1415,M,N
1416,M,N
1417,M,N
1418,M,Y
1419,M,N
1420,M,N
1421,M,N
1422,M,Y
1423,F,N
1424,M,N
1425,M,N
1426,M,N
1427,M,N
1428,M,N
1429,M,N
1430,M,N
1431,F,N
1432,M,N
1433,M,N
1434,M,N
1435,M,Y
1436,F,N
1437,M,N
1438,M,N
1439,M,N
1440,F,N
1441,M,Y
1442,M,N
1443,M,N
1444,M,N
1445,M,N
1446,M,N
1447,F,N
1448,M,N
1449,M,N
1450,M,Y
1451,M,N
1452,M,N
1453,F,Y
1454,M,N
1455,M,N
1456,M,N
1457,M,N
1458,F,N
1459,M,N
1460,M,N
1461,M,N
1462,M,N
1463,M,N
1464,M,N
1465,M,N
1466,M,N
1467,M,N
1468,M,Y
1469,F,N
1470,M,N
1471,M,N
1472,M,N
1473,F,N
1474,M,N
1475,M,N
1476,M,N
1477,M,N
1478,F,N
1479,M,N
1480,M,N
1481,M,N
1482,M,N
1483,M,N
1484,M,N
1485,M,N
1486,M,N
1487,M,N
1488,M,N
1489,M,N
1490,M,N
1491,M,N
1492,M,N
1493,M,N
1494,F,N
1495,M,N
1496,M,N
1497,M,N
1498,M,N
1499,M,Y
1500,M,Y
1501,M,N
1502,F,N
1503,F,N
1504,M,N
1505,M,N
1506,M,N
1507,M,Y
1508,M,Y
1509,M,N
1510,M,N
1511,F,N
1512,F,N
1513,M,N
1514,M,N
1515,M,N
1516,F,N
1517,M,Y
1518,M,N
1519,M,N
1520,M,N
1521,M,N
1522,M,N
1523,M,N
1524,M,N
1525,M,N
1526,M,N
1527,M,N
1528,M,N
1529,M,N
1530,M,N
1531,M,N
1532,M,N
1533,M,N
1534,F,N
1535,M,N
1536,M,N
1537,M,N
1538,M,N
1539,M,N
1540,M,N
1541,F,N
1542,M,N
1543,M,Y
1544,M,N
1545,F,N
1546,M,N
1547,F,N
1548,M,N
1549,M,N
1550,M,N
1551,M,N
1552,M,N
1553,M,N
1554,M,N
1555,M,N
1556,M,N
1557,M,N
1558,M,N
1559,M,N
1560,M,N
1561,M,Y
1562,M,Y
1563,M,N
1564,M,N
1565,M,N
1566,M,N
1567,M,N
1568,M,N
1569,M,N
1570,F,N
1571,M,Y
1572,M,N
1573,M,N
1574,M,N
1575,M,Y
1576,M,Y
1577,M,N
1578,M,Y
1579,M,N
1580,M,N
1581,M,N
1582,M,N
1583,M,N
1584,M,N
1585,M,N
1586,M,N
1587,M,N
1588,M,N
1589,F,N
1590,M,N
1591,M,N
1592,M,N
1593,M,N
1594,M,Y
1595,M,N
1596,M,N
1597,M,N
1598,M,N
1599,M,N
1600,F,N
1601,M,Y
1602,F,N
1603,M,N
1604,M,Y
1605,M,N
1606,F,N
1607,M,N
1608,M,N
1609,M,N
1610,M,N
1611,M,N
1612,M,N
1613,F,N
1614,F,N
1615,M,N
1616,M,N
1617,M,N
1618,M,N
1619,M,N
1620,F,N
1621,M,N
1622,F,N
1623,M,N
1624,F,N
1625,M,N
1626,M,N
1627,M,N
1628,M,N
1629,M,N
1630,M,N
1631,M,N
1632,M,Y
1633,F,N
1634,M,N
1635,M,N
1636,M,N
1637,M,N
1638,M,Y
1639,M,N
1640,M,N
1641,M,N
1642,M,Y
1643,M,N
1644,M,N
1645,M,N
1646,M,N
1647,M,N
1648,M,N
1649,M,N
1650,M,N
1651,M,N
1652,M,N
1653,M,N
1654,M,N
1655,M,N
1656,M,N
1657,F,N
1658,M,N
1659,M,N
1660,M,N
1661,M,N
1662,M,Y
1663,F,Y
1664,M,N
1665,M,N
1666,F,N
1667,M,N
1668,M,N
1669,M,N
1670,M,Y
1671,M,N
1672,M,N
1673,F,Y
1674,M,N
1675,M,Y
1676,M,N
1677,F,N
1678,M,N
1679,M,Y
1680,M,N
1681,M,N
1682,F,N
1683,M,N
1684,M,N
1685,M,N
1686,M,N
1687,M,N
1688,M,N
1689,M,Y
1690,M,Y
1691,M,N
1692,M,Y
1693,M,N
1694,F,N
1695,M,N
1696,M,N
1697,M,N
1698,M,Y
1699,M,N
1700,M,N
1701,M,N
1702,M,Y
1703,M,N
1704,M,N
1705,M,N
1706,M,N
1707,F,N
1708,M,N
1709,M,Y
1710,M,N
1711,F,N
1712,M,N
1713,M,N
1714,M,N
1715,M,N
1716,M,N
1717,M,N
1718,M,N
1719,M,N
1720,M,N
1721,F,N
1722,F,N
1723,F,N
1724,F,N
1725,F,N
1726,M,Y
1727,M,N
1728,M,N
1729,M,N
1730,M,N
1731,M,N
1732,M,N
1733,M,Y
1734,M,N
1735,M,Y
1736,M,N
1737,M,N
1738,M,N
1739,M,N
1740,F,N
1741,M,N
1742,M,Y
1743,M,N
1744,M,N
1745,M,N
1746,M,N
1747,M,N
1748,M,N
1749,M,N
1750,M,N
1751,M,Y
1752,M,Y
1753,M,N
1754,M,N
1755,F,N
1756,F,N
1757,M,N
1758,M,Y
1759,M,N
1760,M,N
1761,M,N
1762,F,N
1763,M,N
1764,M,N
1765,M,N
1766,M,N
1767,M,N
1768,M,N
1769,M,N
1770,M,N
1771,M,N
1772,M,N
1773,F,N
1774,F,N
1775,M,N
1776,M,N
1777,M,N
1778,M,N
1779,M,N
1780,M,N
1781,M,N
1782,M,N
1783,M,N
1784,M,N
1785,M,N
1786,M,N
1787,M,N
1788,M,Y
1789,M,N
1790,F,N
1791,M,N
1792,M,N
1793,M,N
1794,M,N
1795,M,N
1796,M,Y
1797,M,N
1798,F,N
1799,M,Y
1800,M,N
1801,M,N
1802,M,N
1803,F,Y
1804,M,N
1805,M,N
1806,M,N
1807,F,N
1808,M,N
1809,M,N
1810,M,N
1811,M,N
1812,F,N
1813,M,N
1814,M,N
1815,M,N
1816,F,N
1817,M,N
1818,M,N
1819,F,N
1820,M,Y
1821,M,N
1822,M,N
1823,M,N
1824,M,N
1825,M,Y
1826,F,N
1827,M,N
1828,M,N
1829,M,N
1830,M,N
1831,M,N
1832,M,N
1833,M,N
1834,M,N
1835,M,N
1836,M,N
1837,M,N
1838,M,N
1839,M,N
1840,M,N
1841,M,N
1842,M,N
1843,M,N
1844,M,N
1845,M,N
1846,M,N
1847,M,N
1848,M,N
1849,M,Y
1850,M,Y
1851,M,N
1852,M,N
1853,M,N
1854,M,N
1855,M,N
1856,M,N
1857,F,N
1858,M,N
1859,M,N
1860,F,Y
1861,M,N
1862,M,N
1863,M,Y
1864,M,N
1865,M,N
1866,M,N
1867,M,N
1868,M,Y
1869,M,N
1870,M,Y
1871,M,N
1872,M,N
1873,M,N
1874,M,Y
1875,M,N
1876,M,Y
1877,M,N
1878,F,N
1879,M,N
1880,M,N
1881,M,N
1882,M,Y
1883,M,N
1884,M,N
1885,M,N
1886,M,N
1887,F,N
1888,M,Y
1889,M,N
1890,M,N
1891,M,N
1892,M,N
1893,M,N
1894,M,Y
1895,M,Y
1896,F,N
1897,M,N
1898,M,Y
1899,M,N
1900,M,N
1901,F,N
1902,M,N
1903,M,N
1904,M,N
1905,M,N
1906,M,Y
1907,M,N
1908,M,N
1909,M,Y
1910,M,N
1911,F,N
1912,M,N
1913,M,N
1914,M,N
1915,M,N
1916,M,N
1917,M,N
1918,M,N
1919,M,N
1920,F,N
1921,M,N
1922,M,N
1923,F,N
1924,M,N
1925,M,Y
1926,M,Y
1927,M,N
1928,M,Y
1929,F,N
1930,M,N
1931,M,N
1932,M,N
1933,M,Y
1934,M,N
1935,M,N
1936,M,N
1937,M,N
1938,M,N
1939,M,N
1940,M,N
1941,M,N
1942,F,N
1943,M,N
1944,M,N
1945,M,N
1946,M,N
1947,F,N
1948,M,Y
1949,M,N
1950,M,N
1951,M,N
1952,M,N
1953,F,N
1954,M,N
1955,F,N
1956,M,N
1957,M,N
1958,M,N
1959,M,Y
1960,M,N
1961,M,Y
1962,M,N
1963,M,N
1964,F,N
1965,M,Y
1966,F,N
1967,M,N
1968,M,N
1969,F,N
1970,M,Y
1971,M,N
1972,M,N
1973,F,N
1974,M,N
1975,M,Y
1976,M,Y
1977,M,N
1978,M,N
1979,M,N
1980,M,N
1981,M,N
1982,M,N
1983,M,N
1984,F,N
1985,M,N
1986,M,N
1987,M,N
1988,M,N
1989,M,N
1990,F,N
1991,M,Y
1992,M,Y
1993,M,Y
1994,M,N
1995,M,N
1996,M,N
1997,M,N
1998,M,N
1999,M,N
2000,M,N
2001,M,N
2002,M,N
2003,M,N
2004,M,N
2005,M,N
2006,M,Y
2007,M,N
2008,F,N
2009,M,N
2010,M,N
2011,M,N
2012,M,N
2013,M,N
2014,M,N
2015,M,N
2016,M,N
2017,F,N
2018,M,N
2019,M,N
2020,M,Y
2021,M,N
2022,F,N
2023,M,N
2024,M,N
2025,F,N
2026,M,N
2027,M,N
2028,M,N
2029,F,N
2030,M,N
2031,F,Y
2032,M,Y
2033,M,N
2034,M,Y
2035,F,Y
2036,M,N
2037,M,N
2038,M,N
2039,M,Y
2040,F,N
2041,M,N
2042,M,N
2043,M,N
2044,M,Y
2045,M,N
2046,M,N
2047,M,N
2048,M,Y
2049,M,N
2050,M,N
2051,M,N
2052,M,N
2053,M,Y
2054,M,Y
2055,M,N
2056,F,N
2057,M,N
2058,F,N
2059,M,N
2060,F,N
2061,M,N
2062,M,Y
2063,F,N
2064,M,N
2065,M,Y
2066,M,Y
2067,M,Y
2068,M,N
2069,M,N
2070,M,N
2071,M,N
2072,M,N
2073,M,N
2074,M,N
2075,F,N
2076,M,N
2077,M,N
2078,F,Y
2079,M,N
2080,M,N
2081,M,Y
2082,F,N
2083,M,N
2084,M,N
2085,M,N
2086,M,N
2087,M,N
2088,M,N
2089,M,N
2090,M,N
2091,M,Y
2092,M,N
2093,M,N
2094,M,N
2095,F,N
2096,M,N
2097,M,Y
2098,M,N
2099,M,Y
2100,M,N
2101,M,Y
2102,M,N
2103,F,N
2104,F,N
2105,M,Y
2106,M,N
2107,M,Y
2108,M,N
2109,M,N
2110,M,N
2111,M,N
2112,M,N
2113,F,N
2114,M,N
2115,M,Y
2116,M,N
2117,F,N
2118,M,Y
2119,M,N
2120,M,Y
2121,F,Y
2122,M,N
2123,M,Y
2124,F,Y
2125,M,Y
2126,F,N
2127,F,Y
2128,F,Y
2129,M,N
2130,M,N
2131,M,N
2132,M,N
2133,M,N
2134,M,N
2135,M,N
2136,M,N
2137,M,N
2138,M,N
2139,M,N
2140,M,N
2141,M,N
2142,M,N
2143,M,N
2144,M,N
2145,M,N
2146,M,N
2147,M,N
2148,M,N
2149,M,N
2150,M,N
2151,M,Y
2152,M,N
2153,M,N
2154,M,N
2155,M,Y
2156,M,N
2157,M,N
2158,F,N
2159,M,Y
2160,M,N
2161,F,N
2162,M,N
2163,M,Y
2164,M,N
2165,M,N
2166,M,Y
2167,F,N
2168,M,N
2169,M,N
2170,M,Y
2171,M,Y
2172,F,N
2173,M,Y
2174,M,Y
2175,M,N
2176,M,N
2177,M,N
2178,F,N
2179,M,N
2180,M,Y
2181,M,N
2182,M,Y
2183,M,N
2184,M,N
2185,M,N
2186,M,N
2187,M,N
2188,M,N
2189,M,N
2190,M,N
2191,M,Y
2192,M,N
2193,F,Y
2194,F,N
2195,M,Y
2196,M,N
2197,M,N
2198,M,N
2199,M,N
2200,M,Y
2201,M,Y
2202,M,N
2203,M,N
2204,F,N
2205,M,N
2206,F,N
2207,M,N
2208,M,N
2209,M,N
2210,M,N
2211,M,N
2212,M,N
2213,M,Y
2214,M,Y
2215,M,N
2216,M,N
2217,F,Y
2218,M,N
2219,M,N
2220,M,N
2221,M,N
2222,M,N
2223,M,N
2224,M,N
2225,M,N
2226,M,N
2227,M,N
2228,M,N
2229,M,N
2230,F,N
2231,M,N
2232,M,N
2233,M,N
2234,M,N
2235,M,N
2236,M,N
2237,M,N
2238,M,N
2239,M,N
2240,M,N
2241,M,N
2242,M,Y
2243,M,N
2244,M,N
2245,M,N
2246,F,N
2247,M,N
2248,F,Y
2249,M,N
2250,F,N
2251,M,N
2252,M,N
2253,M,N
2254,M,N
2255,M,Y
2256,M,N
2257,M,N
2258,M,N
2259,M,N
2260,M,N
2261,M,Y
2262,M,N
2263,M,N
2264,M,N
2265,M,Y
2266,M,N
2267,M,Y
2268,M,Y
2269,M,N
2270,F,N
2271,M,N
2272,M,Y
2273,M,N
2274,M,Y
2275,M,N
2276,M,N
2277,M,N
2278,M,N
2279,M,N
2280,M,N
2281,M,N
2282,M,N
2283,M,N
2284,F,N
2285,M,N
2286,M,N
2287,M,Y
2288,M,N
2289,F,N
2290,M,N
2291,M,N
2292,M,N
2293,M,N
2294,M,N
2295,M,N
2296,M,N
2297,M,N
2298,M,N
2299,M,N
2300,M,Y
2301,M,N
2302,M,N
2303,M,N
2304,M,Y
2305,M,Y
2306,F,Y
2307,M,N
2308,M,N
2309,M,Y
2310,M,N
2311,F,N
2312,M,N
2313,M,Y
2314,M,Y
2315,M,Y
2316,M,N
2317,M,N
2318,M,N
2319,M,N
2320,M,N
2321,M,N
2322,F,N
2323,M,N
2324,F,N
2325,M,Y
2326,M,N
2327,M,N
2328,M,N
2329,M,N
2330,M,N
2331,M,N
2332,M,N
2333,F,N
2334,M,N
2335,M,N
2336,M,N
2337,M,N
2338,M,N
2339,M,N
2340,M,N
2341,M,N
2342,F,Y
2343,M,N
2344,M,N
2345,M,Y
2346,M,N
2347,M,N
2348,M,Y
2349,M,N
2350,M,N
2351,F,Y
2352,F,N
2353,M,N
2354,M,N
2355,M,N
2356,M,N
2357,F,N
2358,M,N
2359,M,N
2360,M,Y
2361,M,N
2362,M,N
2363,M,N
2364,M,N
2365,F,Y
2366,M,N
2367,M,N
2368,M,N
2369,M,N
2370,M,N
2371,M,Y
2372,M,N
2373,M,N
2374,M,N
2375,M,N
2376,F,N
2377,F,N
2378,M,N
2379,M,N
2380,M,N
2381,M,N
2382,M,N
2383,M,N
2384,M,Y
2385,F,N
2386,M,Y
2387,M,Y
2388,M,N
2389,M,N
2390,M,N
2391,M,N
2392,M,Y
2393,M,N
2394,M,N
2395,M,Y
2396,M,N
2397,M,N
2398,M,N
2399,M,N
2400,M,N
2401,M,N
2402,M,N
2403,M,N
2404,F,N
2405,M,N
2406,M,N
2407,M,N
2408,F,N
2409,M,N
2410,M,N
2411,M,N
2412,M,Y
2413,M,Y
2414,M,N
2415,M,N
2416,M,N
2417,M,N
2418,M,N
2419,M,N
2420,M,N
2421,M,N
2422,M,N
2423,M,N
2424,M,N
2425,M,N
2426,M,N
2427,M,N
2428,M,N
2429,M,N
2430,M,N
2431,M,N
2432,M,N
2433,M,N
2434,M,N
2435,M,Y
2436,M,N
2437,M,N
2438,M,N
2439,M,N
2440,M,Y
2441,F,N
2442,M,N
2443,F,N
2444,M,N
2445,M,N
2446,M,N
2447,M,N
2448,F,Y
2449,M,N
2450,M,N
2451,M,N
2452,M,Y
2453,M,N
2454,M,N
2455,M,N
2456,M,Y
2457,M,Y
2458,M,Y
2459,M,N
2460,M,N
2461,M,Y
2462,F,N
2463,F,N
2464,M,N
2465,M,N
2466,M,N
2467,M,N
2468,M,N
2469,M,N
2470,M,N
2471,M,Y
2472,M,N
2473,F,Y
2474,M,Y
2475,F,N
2476,F,N
2477,M,Y
2478,M,N
2479,M,N
2480,M,N
2481,F,N
2482,M,Y
2483,M,N
2484,M,Y
2485,M,N
2486,M,N
2487,M,N
2488,M,N
2489,M,N
2490,M,N
2491,F,Y
2492,M,N
2493,M,N
2494,M,Y
2495,M,N
2496,M,N
2497,M,N
2498,M,N
2499,M,N
2500,M,N
2501,M,N
2502,F,Y
2503,M,N
2504,M,N
2505,M,N
2506,M,N
2507,M,N
2508,F,N
2509,M,N
2510,F,N
2511,F,Y
2512,M,Y
2513,M,N
2514,M,N
2515,F,N
2516,M,N
2517,M,N
2518,M,Y
2519,M,N
2520,M,N
2521,M,N
2522,M,N
2523,M,N
2524,M,N
2525,M,N
2526,M,N
2527,M,N
2528,M,N
2529,M,N
2530,M,N
2531,M,N
2532,M,N
2533,M,N
2534,M,Y
2535,M,N
2536,M,N
2537,M,N
2538,M,Y
2539,M,N
2540,M,N
2541,M,N
2542,M,N
2543,M,N
2544,M,N
2545,M,N
2546,M,N
2547,M,Y
2548,M,Y
2549,M,N
2550,F,N
2551,M,N
2552,M,N
2553,M,N
2554,M,N
2555,M,N
2556,M,N
2557,F,N
2558,M,Y
2559,M,N
2560,M,N
2561,F,N
2562,M,N
2563,F,Y
2564,M,N
2565,M,Y
2566,M,Y
2567,M,N
2568,M,N
2569,F,N
2570,F,N
2571,F,Y
2572,M,N
2573,M,Y
2574,M,N
2575,M,N
2576,M,Y
2577,M,N
2578,M,N
2579,M,N
2580,M,N
2581,M,N
2582,M,N
2583,M,N
2584,M,N
2585,M,Y
2586,M,N
2587,M,N
2588,M,N
2589,M,N
2590,M,Y
2591,M,N
2592,F,Y
2593,M,N
2594,F,N
2595,M,N
2596,M,N
2597,M,N
2598,M,N
2599,M,Y
2600,M,Y
2601,F,Y
2602,M,N
2603,M,N
2604,M,N
2605,M,N
2606,M,N
2607,M,N
2608,M,N
2609,M,N
2610,M,N
2611,M,N
2612,M,N
2613,M,N
2614,M,N
2615,M,Y
2616,M,N
2617,M,N
2618,M,N
2619,M,N
2620,M,N
2621,M,Y
2622,M,Y
2623,M,N
2624,M,N
2625,M,Y
2626,F,N
2627,M,N
2628,M,N
2629,M,N
2630,F,N
2631,M,N
2632,M,N
2633,F,N
2634,M,N
2635,M,N
2636,F,N
2637,M,Y
2638,M,N
2639,F,Y
2640,M,N
2641,M,N
2642,M,N
2643,M,N
2644,M,N
2645,M,N
2646,M,Y
2647,M,N
2648,M,N
2649,M,N
2650,M,N
2651,M,N
2652,M,Y
2653,M,N
2654,M,N
2655,M,N
2656,M,N
2657,M,Y
2658,M,Y
2659,M,N
2660,M,Y
2661,M,N
2662,M,Y
2663,M,N
2664,M,Y
2665,M,Y
2666,M,N
2667,M,N
2668,M,N
2669,M,N
2670,M,Y
2671,M,N
2672,M,Y
2673,M,N
2674,M,Y
2675,M,N
2676,M,N
2677,M,Y
2678,M,N
2679,M,N
2680,M,N
2681,M,N
2682,M,N
2683,M,N
2684,M,N
2685,M,N
2686,M,N
2687,M,N
2688,M,N
2689,M,N
2690,M,N
2691,M,N
2692,M,Y
2693,F,N
2694,F,Y
2695,M,N
2696,M,N
2697,M,N
2698,M,N
2699,M,N
2700,M,N
2701,M,Y
2702,M,N
2703,M,N
2704,M,N
2705,M,N
2706,M,N
2707,M,N
2708,M,N
2709,M,N
2710,M,N
2711,M,N
2712,M,N
2713,M,N
2714,M,Y
2715,M,Y
2716,M,N
2717,M,Y
2718,M,Y
2719,M,N
2720,M,N
2721,M,N
2722,M,N
2723,M,N
2724,M,N
2725,M,N
2726,M,N
2727,M,Y
2728,M,Y
2729,M,Y
2730,M,N
2731,M,N
2732,M,N
2733,M,N
2734,M,N
2735,M,Y
2736,M,N
2737,M,N
2738,M,N
2739,M,N
2740,F,N
2741,M,N
2742,F,N
2743,M,N
2744,M,Y
2745,M,Y
2746,M,N
2747,M,N
2748,M,N
2749,M,N
2750,M,N
2751,M,N
2752,M,N
2753,M,N
2754,M,N
2755,M,N
2756,M,N
2757,M,N
2758,M,N
2759,F,Y
2760,M,Y
2761,M,N
2762,M,N
2763,M,N
2764,M,N
2765,F,N
2766,M,N
2767,M,N
2768,M,N
2769,F,N
2770,M,N
2771,M,N
2772,M,N
2773,M,N
2774,F,N
2775,M,N
2776,M,Y
2777,M,N
2778,M,Y
2779,F,N
2780,M,N
2781,M,N
2782,M,N
2783,M,Y
2784,M,N
2785,M,N
2786,M,N
2787,M,Y
2788,M,N
2789,M,Y
2790,M,N
2791,M,N
2792,M,N
2793,F,N
2794,M,N
2795,M,N
2796,M,N
2797,M,N
2798,M,N
2799,M,Y
2800,M,N
2801,M,N
2802,M,Y
2803,M,N
2804,M,N
2805,M,Y
2806,M,Y
2807,F,N
2808,M,N
2809,M,Y
2810,M,N
2811,M,N
2812,F,N
2813,M,N
2814,M,N
2815,M,N
2816,M,N
2817,M,N
2818,M,Y
2819,M,N
2820,M,Y
2821,M,Y
2822,M,N
2823,M,N
2824,M,Y
2825,M,Y
2826,M,N
2827,M,Y
2828,M,N
2829,M,N
2830,M,Y
2831,M,Y
2832,M,N
2833,M,N
2834,M,N
2835,M,N
2836,M,Y
2837,M,N
2838,M,Y
2839,M,N
2840,M,N
2841,M,N
2842,M,N
2843,M,N
2844,M,N
2845,M,N
2846,M,N
2847,M,Y
2848,M,N
2849,M,N
2850,M,N
2851,M,N
2852,M,Y
2853,M,N
2854,M,N
2855,M,N
2856,F,N
2857,M,N
2858,M,N
2859,M,N
2860,M,Y
2861,M,Y
2862,M,N
2863,M,N
2864,M,N
2865,M,Y
2866,F,N
2867,M,Y
2868,M,N
2869,M,N
2870,M,N
2871,M,Y
2872,F,N
2873,M,N
2874,M,N
2875,F,N
2876,M,Y
2877,M,N
2878,M,N
2879,M,N
2880,M,N
2881,M,Y
2882,M,Y
2883,M,N
2884,M,N
2885,M,N
2886,M,N
2887,M,N
2888,M,N
2889,M,Y
2890,M,Y
2891,M,Y
2892,M,Y
2893,M,N
2894,M,N
2895,M,N
2896,M,N
2897,M,N
2898,M,Y
2899,M,Y
2900,M,N
2901,M,N
2902,M,N
2903,M,N
2904,M,N
2905,M,N
2906,M,N
2907,M,N
2908,M,N
2909,M,N
2910,M,N
2911,M,N
2912,M,N
2913,M,N
2914,M,Y
2915,M,Y
2916,M,Y
2917,M,N
2918,M,Y
2919,M,N
2920,F,N
2921,M,N
2922,M,N
2923,M,N
2924,M,N
2925,M,Y
2926,M,N
2927,M,N
2928,M,N
2929,M,N
2930,M,N
2931,M,N
2932,F,N
2933,F,N
2934,M,Y
2935,M,N
2936,M,N
2937,M,N
2938,M,N
2939,M,N
2940,M,N
2941,M,N
2942,M,N
2943,M,N
2944,M,N
2945,M,N
2946,M,N
2947,M,N
2948,M,N
2949,M,N
2950,M,N
2951,M,N
2952,M,N
2953,M,N
2954,M,N
2955,M,N
2956,M,N
2957,M,N
2958,M,N
2959,M,N
2960,M,N
2961,M,N
2962,M,N
2963,M,N
2964,M,N
2965,M,N
2966,M,N
2967,M,N
2968,M,N
2969,M,N
2970,M,Y
2971,M,N
2972,M,N
2973,M,N
2974,M,N
2975,M,N
2976,M,N
2977,M,Y
2978,M,N
2979,M,N
2980,M,N
2981,M,N
2982,M,N
2983,M,N
2984,M,N
2985,M,N
2986,M,Y
2987,M,N
2988,M,N
2989,M,N
2990,M,N
2991,M,N
2992,F,N
2993,F,N
2994,M,N
2995,M,Y
2996,M,N
2997,M,N
2998,M,N
2999,M,Y
3000,M,N
3001,M,N
3002,M,N
3003,M,N
3004,F,Y
3005,M,N
3006,M,N
3007,M,Y
3008,M,Y
3009,M,Y
3010,M,N
3011,M,Y
3012,M,N
3013,M,Y
3014,F,N
3015,M,N
3016,M,Y
3017,M,N
3018,M,N
3019,M,N
3020,M,N
3021,M,Y
3022,M,N
3023,M,N
3024,M,N
3025,M,N
3026,M,N
3027,M,N
3028,M,N
3029,M,N
3030,M,N
3031,M,Y
3032,M,N
3033,M,Y
3034,M,N
3035,M,N
3036,M,N
3037,M,N
3038,M,N
3039,M,N
3040,M,N
3041,M,N
3042,F,Y
3043,F,Y
3044,F,Y
3045,M,N
3046,M,N
3047,M,N
3048,M,N
3049,M,N
3050,M,N
3051,M,N
3052,M,N
3053,F,N
3054,F,Y
3055,F,Y
3056,M,Y
3057,M,N
3058,M,N
3059,M,N
3060,M,N
3061,M,N
3062,M,N
3063,M,N
3064,M,Y
3065,F,Y
3066,M,N
3067,M,N
3068,M,N
3069,M,N
3070,M,N
3071,M,Y
3072,M,N
3073,M,Y
3074,M,N
3075,M,Y
3076,M,N
3077,M,N
3078,M,Y
3079,M,N
3080,M,N
3081,M,N
3082,M,N
3083,M,N
3084,M,N
3085,M,N
3086,F,Y
3087,M,N
3088,F,N
3089,M,N
3090,M,N
3091,M,Y
3092,M,N
3093,M,N
3094,M,N
3095,M,N
3096,F,Y
3097,M,Y
3098,M,N
3099,M,N
3100,M,N
3101,M,N
3102,M,Y
3103,M,N
3104,M,N
3105,M,Y
3106,M,N
3107,M,N
3108,M,N
3109,M,N
3110,M,Y
3111,M,Y
3112,M,Y
3113,M,N
3114,M,N
3115,M,N
3116,M,N
3117,M,Y
3118,M,N
3119,M,N
3120,M,N
3121,M,N
3122,M,N
3123,M,N
3124,M,N
3125,M,Y
3126,M,N
3127,M,N
3128,M,N
3129,M,Y
3130,M,N
3131,M,N
3132,M,N
3133,M,N
3134,M,N
3135,M,Y
3136,M,N
3137,M,N
3138,M,N
3139,M,Y
3140,M,N
3141,M,Y
3142,M,N
3143,M,N
3144,M,N
3145,M,Y
3146,M,N
3147,M,N
3148,M,N
3149,M,N
3150,M,N
3151,M,N
3152,M,N
3153,M,N
3154,M,N
3155,M,N
3156,M,Y
3157,M,N
3158,M,Y
3159,F,Y
3160,M,N
3161,M,N
3162,M,Y
3163,M,N
3164,M,Y
3165,M,Y
3166,M,Y
3167,M,N
3168,M,Y
3169,M,N
3170,M,N
3171,M,Y
3172,M,Y
3173,M,N
3174,M,N
3175,M,N
3176,M,N
3177,M,Y
3178,M,Y
3179,M,N
3180,M,Y
3181,M,N
3182,M,N
3183,M,N
3184,M,N
3185,M,Y
3186,F,N
3187,M,N
3188,M,N
3189,F,N
3190,M,N
3191,M,N
3192,M,Y
3193,F,N
3194,M,N
3195,M,N
3196,M,N
3197,M,Y
3198,M,N
3199,M,Y
3200,M,N
3201,F,N
3202,F,N
3203,M,N
3204,M,N
3205,M,N
3206,M,N
3207,M,N
3208,M,N
3209,M,N
3210,M,N
3211,M,Y
3212,M,Y
3213,M,N
3214,M,N
3215,M,Y
3216,M,N
3217,M,N
3218,M,N
3219,M,Y
3220,F,Y
3221,M,N
3222,M,N
3223,M,N
3224,M,Y
3225,M,N
3226,M,N
3227,M,N
3228,M,Y
3229,M,Y
3230,M,N
3231,M,N
3232,M,N
3233,M,N
3234,M,Y
3235,M,N
3236,F,Y
3237,M,Y
3238,M,N
3239,M,N
3240,M,N
3241,M,Y
3242,M,N
3243,M,Y
3244,M,N
3245,M,Y
3246,M,N
3247,M,N
3248,M,N
3249,M,Y
3250,M,N
3251,M,N
3252,F,N
3253,M,Y
3254,M,N
3255,M,N
3256,M,Y
3257,M,Y
3258,M,N
3259,M,N
3260,M,N
3261,M,Y
3262,M,N
3263,M,Y
3264,M,N
3265,M,N
3266,M,N
3267,M,N
3268,M,N
3269,M,N
3270,M,N
3271,M,Y
3272,M,N
3273,M,N
3274,M,Y
3275,M,Y
3276,M,Y
3277,M,N
3278,M,N
3279,M,N
3280,M,N
3281,M,N
3282,M,N
3283,M,N
3284,M,Y
3285,M,N
3286,M,N
3287,M,N
3288,M,Y
3289,M,Y
3290,M,N
3291,M,Y
3292,M,N
3293,M,N
3294,M,Y
3295,M,N
3296,M,N
3297,M,N
3298,M,N
3299,F,N
3300,M,Y
3301,M,N
3302,F,N
3303,M,N
3304,F,Y
3305,M,N
3306,M,N
3307,M,N
3308,M,N
3309,M,Y
3310,M,N
3311,M,N
3312,M,Y
3313,M,N
3314,M,Y
3315,M,N
3316,M,Y
3317,M,N
3318,M,N
3319,M,N
3320,M,N
3321,M,N
3322,M,N
3323,M,N
3324,M,N
3325,M,N
3326,M,N
3327,M,N
3328,M,N
3329,M,Y
3330,M,Y
3331,M,N
3332,M,N
3333,M,N
3334,M,N
3335,M,N
3336,M,N
3337,M,N
3338,M,N
3339,M,N
3340,M,N
3341,M,N
3342,M,N
3343,M,N
3344,M,N
3345,M,N
3346,M,Y
3347,M,N
3348,M,N
3349,M,N
3350,M,N
3351,F,N
3352,M,N
3353,M,N
3354,M,N
3355,M,N
3356,M,N
3357,F,N
3358,M,Y
3359,M,N
3360,M,Y
3361,M,N
3362,M,N
3363,M,N
3364,M,N
3365,M,N
3366,M,N
3367,M,N
3368,M,N
3369,M,N
3370,M,Y
3371,M,Y
3372,F,N
3373,M,Y
3374,M,N
3375,M,N
3376,M,N
3377,F,Y
3378,M,N
3379,M,N
3380,M,N
3381,M,Y
3382,M,N
3383,M,N
3384,M,N
3385,M,Y
3386,M,Y
3387,M,N
3388,M,N
3389,M,N
3390,M,N
3391,M,N
3392,M,N
3393,M,Y
3394,M,N
3395,M,N
3396,M,N
3397,M,N
3398,M,N
3399,M,N
3400,M,N
3401,M,Y
3402,M,N
3403,M,N
3404,M,N
3405,M,N
3406,M,N
3407,M,N
3408,M,N
3409,M,N
3410,M,Y
3411,M,N
3412,M,N
3413,M,N
3414,F,N
3415,M,N
3416,M,N
3417,M,N
3418,M,N
3419,M,N
3420,M,N
3421,M,N
3422,M,N
3423,M,N
3424,F,Y
3425,M,Y
3426,M,N
3427,M,N
3428,M,N
3429,M,N
3430,M,N
3431,M,N
3432,M,Y
3433,M,N
3434,M,N
3435,M,Y
3436,M,N
3437,F,N
3438,M,N
3439,M,N
3440,M,N
3441,M,N
3442,M,N
3443,M,N
3444,M,Y
3445,M,N
3446,F,Y
3447,F,N
3448,M,Y
3449,M,Y
3450,M,N
3451,M,N
3452,M,N
3453,F,Y
3454,M,N
3455,M,N
3456,M,N
3457,M,N
3458,M,N
3459,M,N
3460,M,Y
3461,M,N
3462,M,Y
3463,M,N
3464,M,N
3465,F,Y
3466,M,N
3467,M,N
3468,F,Y
3469,M,N
3470,M,N
3471,M,Y
3472,M,N
3473,M,Y
3474,M,N
3475,M,N
3476,M,N
3477,M,Y
3478,F,N
3479,M,N
3480,M,Y
3481,M,N
3482,M,Y
3483,M,N
3484,M,N
3485,M,Y
3486,M,N
3487,M,Y
3488,M,Y
3489,M,N
3490,F,N
3491,M,Y
3492,M,N
3493,M,N
3494,M,N
3495,M,N
3496,M,N
3497,M,N
3498,M,N
3499,M,N
3500,M,Y
3501,M,N
3502,M,N
3503,M,N
3504,M,N
3505,M,Y
3506,M,N
3507,M,N
3508,M,N
3509,M,N
3510,M,Y
3511,M,N
3512,M,N
3513,M,N
3514,M,Y
3515,M,N
3516,M,Y
3517,M,N
3518,M,N
3519,M,N
3520,M,Y
3521,M,N
3522,M,Y
3523,M,Y
3524,M,Y
3525,M,Y
3526,M,N
3527,M,Y
3528,M,N
3529,M,N
3530,M,N
3531,M,N
3532,M,Y
3533,M,N
3534,M,N
3535,F,N
3536,F,Y
3537,M,N
3538,M,N
3539,M,Y
3540,M,Y
3541,M,Y
3542,M,N
3543,M,N
3544,M,Y
3545,M,N
3546,M,N
3547,M,N
3548,M,N
3549,M,N
3550,F,N
3551,M,N
3552,M,N
3553,M,N
3554,F,Y
3555,M,Y
3556,M,N
3557,M,Y
3558,M,N
3559,M,N
3560,M,N
3561,M,Y
3562,M,Y
3563,M,N
3564,M,N
3565,M,Y
3566,M,Y
3567,M,N
3568,M,Y
3569,M,N
3570,F,N
3571,M,N
3572,M,Y
3573,M,Y
3574,M,N
3575,M,Y
3576,F,Y
3577,M,N
3578,M,N
3579,M,N
3580,M,Y
3581,M,N
3582,M,N
3583,M,N
3584,M,N
3585,M,Y
3586,M,N
3587,M,N
3588,M,N
3589,M,N
3590,M,N
3591,M,N
3592,M,N
3593,M,N
3594,M,Y
3595,M,Y
3596,M,Y
3597,M,N
3598,M,N
3599,M,N
3600,M,Y
3601,M,N
3602,M,Y
3603,M,Y
3604,M,Y
3605,M,Y
3606,M,N
3607,M,N
3608,M,N
3609,M,N
3610,M,Y
3611,M,N
3612,M,Y
3613,M,Y
3614,M,N
3615,M,Y
3616,M,N
3617,M,Y
3618,M,N
3619,M,N
3620,M,N
3621,M,Y
3622,M,Y
3623,M,N
3624,M,N
3625,M,Y
3626,M,N
3627,M,Y
3628,F,N
3629,M,N
3630,M,N
3631,M,Y
3632,M,Y
3633,M,N
3634,M,Y
3635,M,N
3636,M,Y
3637,M,N
3638,M,N
3639,M,Y
3640,M,N
3641,M,N
3642,M,Y
3643,F,Y
3644,M,N
3645,M,N
3646,M,Y
3647,M,N
3648,M,N
3649,M,N
3650,M,Y
3651,M,N
3652,M,N
3653,M,N
3654,M,N
3655,M,Y
3656,M,N
3657,F,Y
3658,M,Y
3659,M,N
3660,M,N
3661,M,Y
3662,M,N
3663,M,Y
3664,F,Y
3665,M,N
3666,M,N
3667,M,N
3668,M,N
3669,M,N
3670,M,Y
3671,M,N
3672,M,N
3673,M,N
3674,M,N
3675,M,Y
3676,M,N
3677,M,Y
3678,M,Y
3679,M,N
3680,M,Y
3681,M,N
3682,M,N
3683,M,N
3684,M,Y
3685,M,Y
3686,M,Y
3687,M,N
3688,M,N
3689,M,Y
3690,M,N
3691,M,Y
3692,M,N
3693,M,Y
3694,M,Y
3695,M,N
3696,M,N
3697,M,N
3698,M,N
3699,M,Y
3700,M,Y
3701,M,N
3702,M,Y
3703,M,N
3704,M,N
3705,M,Y
3706,M,Y
3707,M,Y
3708,M,N
3709,M,Y
3710,M,N
3711,M,N
3712,M,N
3713,M,N
3714,M,Y
3715,M,N
3716,M,Y
3717,M,N
3718,M,N
3719,F,Y
3720,M,N
3721,F,N
3722,M,N
3723,M,N
3724,M,N
3725,M,N
3726,M,Y
3727,M,N
3728,M,N
3729,M,N
3730,M,N
3731,M,N
3732,F,Y
3733,M,Y
3734,M,N
3735,F,N
3736,M,N
3737,M,N
3738,M,N
3739,M,N
3740,F,N
3741,M,N
3742,M,N
3743,M,N
3744,M,N
3745,M,Y
3746,M,N
3747,M,N
3748,M,N
3749,M,N
3750,M,N
3751,M,Y
3752,F,N
3753,M,N
3754,M,N
3755,F,Y
3756,M,N
3757,M,Y
3758,M,Y
3759,M,Y
3760,M,N
3761,M,Y
3762,M,N
3763,M,N
3764,M,Y
3765,M,N
3766,M,N
3767,M,N
3768,M,N
3769,M,N
3770,M,N
3771,M,N
3772,M,N
3773,M,N
3774,M,Y
3775,M,N
3776,M,Y
3777,M,Y
3778,M,Y
3779,M,Y
3780,M,N
3781,M,Y
3782,M,N
3783,M,N
3784,M,N
3785,M,Y
3786,M,Y
3787,F,Y
3788,M,N
3789,M,Y
3790,M,N
3791,F,Y
3792,M,N
3793,M,N
3794,M,N
3795,M,Y
3796,M,N
3797,M,N
3798,M,N
3799,M,N
3800,M,N
3801,M,N
3802,M,N
3803,M,N
3804,M,Y
3805,M,Y
3806,M,N
3807,M,Y
3808,M,N
3809,M,N
3810,M,N
3811,M,N
3812,M,N
3813,M,N
3814,M,N
3815,M,Y
3816,M,N
3817,M,N
3818,M,Y
3819,M,N
3820,M,N
3821,M,Y
3822,M,N
3823,M,N
3824,M,Y
3825,M,N
3826,M,N
3827,M,Y
3828,M,Y
3829,M,N
3830,M,Y
3831,M,Y
3832,M,N
3833,M,N
3834,M,N
3835,M,N
3836,M,Y
3837,M,Y
3838,M,N
3839,M,N
3840,M,N
3841,M,Y
3842,M,N
3843,M,N
3844,M,N
3845,M,Y
3846,M,N
3847,M,N
3848,M,Y
3849,M,N
3850,M,Y
3851,M,N
3852,M,N
3853,M,N
3854,M,N
3855,M,Y
3856,M,N
3857,M,N
3858,M,Y
3859,F,N
3860,M,N
3861,M,N
3862,M,Y
3863,M,N
3864,M,Y
3865,M,N
3866,M,N
3867,M,N
3868,M,N
3869,M,N
3870,M,Y
3871,M,N
3872,M,Y
3873,M,Y
3874,M,Y
3875,M,N
3876,M,N
3877,M,N
3878,M,Y
3879,M,N
3880,M,Y
3881,M,N
3882,M,N
3883,M,Y
3884,M,Y
3885,F,Y
3886,M,Y
3887,M,N
3888,M,N
3889,M,Y
3890,M,N
3891,M,N
3892,M,N
3893,M,Y
3894,M,N
3895,M,Y
3896,M,Y
3897,M,N
3898,M,N
3899,M,N
3900,M,N
3901,M,N
3902,M,Y
3903,M,N
3904,M,N
3905,M,Y
3906,M,N
3907,M,N
3908,M,Y
3909,M,Y
3910,M,N
3911,M,N
3912,M,N
3913,M,N
3914,M,N
3915,M,N
3916,M,N
3917,M,N
3918,M,N
3919,M,N
3920,M,N
3921,M,N
3922,M,N
3923,M,N
3924,M,N
3925,M,Y
3926,M,N
3927,M,N
3928,M,Y
3929,M,N
3930,M,N
3931,M,N
3932,M,N
3933,M,Y
3934,M,N
3935,M,N
3936,M,N
3937,M,N
3938,M,N
3939,M,N
3940,M,N
3941,M,N
3942,F,Y
3943,M,N
3944,F,N
3945,M,Y
3946,M,N
3947,M,Y
3948,M,N
3949,M,N
3950,M,Y
3951,M,Y
3952,M,N
3953,M,N
3954,M,N
3955,M,Y
3956,F,N
3957,M,N
3958,M,N
3959,M,Y
3960,M,Y
3961,M,Y
3962,M,Y
3963,M,Y
3964,M,N
3965,M,Y
3966,M,N
3967,M,Y
3968,M,Y
3969,M,Y
3970,M,N
3971,F,N
3972,M,Y
3973,M,N
3974,M,Y
3975,M,N
3976,M,N
3977,M,Y
3978,M,Y
3979,M,N
3980,M,N
3981,M,Y
3982,M,Y
3983,M,Y
3984,M,Y
3985,M,Y
3986,M,Y
3987,M,N
3988,M,Y
3989,M,N
3990,M,Y
3991,M,N
3992,M,Y
3993,M,N
3994,M,N
3995,M,N
3996,M,N
3997,M,Y
3998,M,Y
3999,M,N
4000,M,Y
4001,M,Y
4002,M,Y
4003,M,N
4004,M,N
4005,M,N
4006,M,N
4007,F,Y
4008,M,Y
4009,M,N
4010,M,N
4011,M,Y
4012,M,N
4013,M,Y
4014,M,Y
4015,M,Y
4016,M,N
4017,M,Y
4018,M,N
4019,M,N
4020,M,N
4021,M,Y
4022,M,N
4023,M,Y
4024,M,N
4025,M,Y
4026,M,Y
4027,M,N
4028,M,N
4029,M,N
4030,M,Y
4031,M,Y
4032,F,Y
4033,M,N
4034,M,Y
4035,M,N
4036,M,Y
4037,M,N
4038,M,Y
4039,M,N
4040,M,N
4041,M,N
4042,M,Y
4043,M,N
4044,M,N
4045,M,N
4046,M,N
4047,M,Y
4048,M,Y
4049,M,N
4050,M,N
4051,M,N
4052,M,Y
4053,M,N
4054,M,N
4055,M,N
4056,M,N
4057,M,N
4058,M,Y
4059,M,N
4060,M,Y
4061,M,Y
4062,M,N
4063,M,Y
4064,M,Y
4065,M,N
4066,M,Y
4067,M,Y
4068,M,N
4069,M,N
4070,M,Y
4071,M,N
4072,M,N
4073,M,N
4074,M,Y
4075,M,N
4076,M,Y
4077,M,Y
4078,M,N
4079,M,Y
4080,M,N
4081,M,Y
4082,M,N
4083,F,Y
4084,F,Y
4085,F,N
4086,M,N
4087,M,Y
4088,M,Y
4089,M,N
4090,M,N
4091,M,N
4092,M,N
4093,M,N
4094,M,N
4095,M,Y
4096,M,Y
4097,M,Y
4098,M,N
4099,M,N
4100,F,N
4101,M,Y
4102,M,N
4103,M,Y
4104,M,Y
4105,M,N
4106,M,Y
4107,M,N
4108,M,N
4109,M,N
4110,M,N
4111,M,Y
4112,M,N
4113,M,Y
4114,M,N
4115,M,N
4116,M,N
4117,M,N
4118,M,N
4119,M,N
4120,M,N
4121,M,Y
4122,M,N
4123,M,N
4124,M,N
4125,M,N
4126,M,Y
4127,M,Y
4128,M,Y
4129,M,Y
4130,M,Y
4131,M,N
4132,M,N
4133,M,N
4134,M,N
4135,M,N
4136,M,N
4137,M,Y
4138,M,Y
4139,M,N
4140,M,Y
4141,M,N
4142,M,Y
4143,M,N
4144,M,Y
4145,M,Y
4146,M,N
4147,M,Y
4148,M,N
4149,M,N
4150,M,N
4151,M,Y
4152,M,Y
4153,M,N
4154,M,N
4155,M,N
4156,M,N
4157,M,N
4158,M,Y
4159,M,N
4160,M,Y
4161,M,Y
4162,M,N
4163,M,N
4164,M,N
4165,M,N
4166,F,N
4167,M,N
4168,M,Y
4169,M,Y
4170,M,N
4171,M,N
4172,M,Y
4173,M,N
4174,M,Y
4175,M,Y
4176,M,Y
4177,M,N
4178,M,Y
4179,M,Y
4180,M,Y
4181,M,Y
4182,F,Y
4183,M,N
4184,M,Y
4185,M,N
4186,M,N
4187,M,N
4188,F,N
4189,M,N
4190,M,N
4191,M,N
4192,M,N
4193,M,N
4194,M,N
4195,M,Y
4196,M,Y
4197,M,N
4198,M,N
4199,M,N
4200,F,N
4201,M,Y
4202,M,Y
4203,M,N
4204,F,Y
4205,M,N
4206,M,Y
4207,M,N
4208,M,N
4209,F,N
4210,M,Y
4211,F,Y
4212,M,N
4213,M,N
4214,M,N
4215,M,Y
4216,M,N
4217,M,Y
4218,M,N
4219,M,Y
4220,M,Y
4221,M,N
4222,M,Y
4223,M,N
4224,M,N
4225,M,N
4226,M,Y
4227,M,N
4228,M,N
4229,M,N
4230,M,N
4231,M,N
4232,F,N
4233,M,N
4234,M,N
4235,M,N
4236,F,N
4237,M,N
4238,M,N
4239,M,N
4240,M,Y
4241,M,Y
4242,M,N
4243,M,N
4244,M,N
4245,M,Y
4246,M,N
4247,M,N
4248,M,N
4249,M,Y
4250,M,N
4251,M,N
4252,M,N
4253,M,N
4254,M,N
4255,M,N
4256,M,Y
4257,M,N
4258,M,N
4259,M,N
4260,F,Y
4261,M,Y
4262,M,N
4263,M,Y
4264,F,Y
4265,M,N
4266,M,N
4267,M,Y
4268,M,N
4269,M,Y
4270,M,N
4271,M,N
4272,M,Y
4273,M,N
4274,F,N
4275,M,Y
4276,M,Y
4277,M,Y
4278,M,Y
4279,M,Y
4280,M,N
4281,M,N
4282,M,Y
4283,M,N
4284,M,N
4285,M,N
4286,M,N
4287,M,N
4288,M,Y
4289,M,Y
4290,M,N
4291,M,Y
4292,M,N
4293,M,N
4294,M,N
4295,M,Y
4296,M,N
4297,M,Y
4298,M,Y
4299,M,N
4300,M,Y
4301,M,N
4302,M,N
4303,M,N
4304,M,N
4305,M,N
4306,M,Y
4307,M,N
4308,M,N
4309,M,Y
4310,M,N
4311,M,N
4312,M,Y
4313,M,N
4314,M,N
4315,M,Y
4316,M,N
4317,M,Y
4318,M,Y
4319,M,N
4320,F,N
4321,M,N
4322,M,Y
4323,M,N
4324,M,N
4325,M,N
4326,M,Y
4327,M,N
4328,M,N
4329,F,Y
4330,M,N
4331,M,N
4332,M,N
4333,M,N
4334,M,N
4335,M,Y
4336,M,Y
4337,M,N
4338,M,Y
4339,M,N
4340,M,N
4341,M,Y
4342,M,Y
4343,M,Y
4344,F,N
4345,M,Y
4346,M,Y
4347,M,Y
4348,M,N
4349,M,N
4350,M,N
4351,M,N
4352,M,N
4353,M,N
4354,M,N
4355,M,N
4356,M,Y
4357,M,Y
4358,M,N
4359,M,N
4360,M,N
4361,M,N
4362,M,N
4363,M,N
4364,M,Y
4365,M,N
4366,M,Y
4367,M,N
4368,M,Y
4369,F,N
4370,M,N
4371,M,Y
4372,M,Y
4373,F,N
4374,M,N
4375,M,N
4376,M,Y
4377,M,N
4378,M,N
4379,M,Y
4380,M,N
4381,M,N
4382,M,N
4383,M,N
4384,M,N
4385,M,N
4386,M,N
4387,M,N
4388,M,Y
4389,M,Y
4390,M,N
4391,M,Y
4392,M,N
4393,M,Y
4394,M,N
4395,M,Y
4396,M,Y
4397,M,Y
4398,M,N
4399,M,N
4400,M,N
4401,M,Y
4402,M,N
4403,F,N
4404,F,Y
4405,M,N
4406,M,N
4407,M,Y
4408,M,N
4409,F,Y
4410,M,Y
4411,M,N
4412,M,N
4413,M,N
4414,F,N
4415,M,N
4416,M,N
4417,M,Y
4418,M,Y
4419,M,N
4420,M,N
4421,M,N
4422,F,Y
4423,M,N
4424,M,Y
4425,M,N
4426,M,N
4427,M,N
4428,M,N
4429,M,N
4430,M,N
4431,M,Y
4432,M,N
4433,M,N
4434,M,N
4435,F,N
4436,M,Y
4437,M,N
4438,M,Y
4439,M,N
4440,M,Y
4441,M,Y
4442,M,Y
4443,M,Y
4444,M,N
4445,M,N
4446,M,N
4447,M,Y
4448,M,N
4449,M,Y
4450,M,N
4451,M,N
4452,M,Y
4453,M,Y
4454,M,N
4455,M,Y
4456,M,N
4457,M,N
4458,F,Y
4459,M,Y
4460,M,Y
4461,M,N
4462,M,Y
4463,M,N
4464,F,Y
4465,M,Y
4466,M,N
4467,M,Y
4468,M,N
4469,F,Y
4470,M,Y
4471,M,Y
4472,M,Y
4473,M,Y
4474,M,Y
4475,M,N
4476,M,Y
4477,M,N
4478,M,Y
4479,M,N
4480,M,N
4481,M,Y
4482,M,N
4483,M,N
4484,M,Y
4485,M,N
4486,M,Y
4487,M,N
4488,M,Y
4489,M,N
4490,M,N
4491,M,N
4492,M,N
4493,F,N
4494,M,Y
4495,M,Y
4496,M,Y
4497,F,N
4498,M,N
4499,M,N
4500,M,Y
4501,M,N
4502,M,Y
4503,M,N
4504,M,N
4505,M,Y
4506,M,N
4507,F,N
4508,M,Y
4509,M,Y
4510,M,N
4511,F,N
4512,M,Y
4513,M,Y
4514,M,Y
4515,M,N
4516,M,N
4517,M,N
4518,M,Y
4519,M,N
4520,M,N
4521,M,Y
4522,M,Y
4523,M,Y
4524,M,N
4525,M,Y
4526,M,N
4527,M,N
4528,M,N
4529,M,Y
4530,F,N
4531,M,N
4532,M,Y
4533,M,Y
4534,M,Y
4535,M,N
4536,M,N
4537,F,N
4538,M,N
4539,M,N
4540,M,Y
4541,M,Y
4542,M,Y
4543,M,N
4544,M,N
4545,M,Y
4546,M,Y
4547,M,N
4548,M,Y
4549,M,N
4550,M,Y
4551,M,Y
4552,M,N
4553,M,N
4554,M,N
4555,M,N
4556,M,N
4557,M,Y
4558,M,Y
4559,M,Y
4560,M,N
4561,M,N
4562,M,Y
4563,M,Y
4564,M,N
4565,F,N
4566,M,Y
4567,M,Y
4568,F,N
4569,M,N
4570,M,N
4571,M,N
4572,M,Y
4573,M,Y
4574,F,N
4575,M,Y
4576,M,Y
4577,M,N
4578,M,N
4579,F,N
4580,M,Y
4581,M,N
4582,M,N
4583,M,N
4584,M,Y
4585,M,N
4586,M,N
4587,M,N
4588,M,N
4589,M,Y
4590,M,Y
4591,M,N
4592,M,Y
4593,M,N
4594,M,Y
4595,M,N
4596,M,N
4597,M,N
4598,M,N
4599,M,Y
4600,M,Y
4601,M,N
4602,M,Y
4603,M,Y
4604,M,Y
4605,M,Y
4606,M,N
4607,M,Y
4608,M,Y
4609,M,N
4610,M,Y
4611,M,N
4612,M,Y
4613,M,N
4614,M,Y
4615,M,Y
4616,M,N
4617,M,N
4618,M,Y
4619,M,Y
4620,M,Y
4621,M,N
4622,M,N
4623,M,N
4624,M,N
4625,M,Y
4626,M,N
4627,M,N
4628,M,N
4629,M,Y
4630,M,Y
4631,M,N
4632,M,Y
4633,M,N
4634,M,N
4635,M,Y
4636,M,N
4637,M,N
4638,F,Y
4639,M,Y
4640,M,Y
4641,M,N
4642,F,Y
4643,M,Y
4644,F,Y
4645,M,Y
4646,M,Y
4647,M,Y
4648,M,Y
4649,M,N
4650,M,Y
4651,F,Y
4652,M,Y
4653,M,Y
4654,M,Y
4655,M,Y
4656,M,Y
4657,M,Y
4658,M,N
4659,M,Y
4660,M,N
4661,M,N
4662,M,N
4663,M,N
4664,F,Y
4665,F,Y
4666,M,Y
4667,M,N
4668,F,Y
4669,M,Y
4670,M,N
4671,M,N
4672,M,Y
4673,M,Y
4674,M,N
4675,M,Y
4676,M,Y
4677,M,N
4678,M,Y
4679,M,N
4680,M,N
4681,M,Y
4682,M,N
4683,M,Y
4684,M,N
4685,M,Y
4686,M,Y
4687,M,N
4688,M,N
4689,M,Y
4690,M,Y
4691,M,Y
4692,M,Y
4693,M,N
4694,M,Y
4695,M,Y
4696,M,Y
4697,M,Y
4698,M,Y
4699,M,Y
4700,M,Y
4701,M,N
4702,M,Y
4703,M,Y
4704,M,N
4705,M,N
4706,M,Y
4707,M,Y
4708,M,Y
4709,M,N
4710,M,Y
4711,M,N
4712,M,Y
4713,M,Y
4714,M,N
4715,M,Y
4716,M,Y
4717,M,Y
4718,M,N
4719,M,Y
4720,M,Y
4721,M,Y
4722,M,Y
4723,M,Y
4724,M,N
4725,M,N
4726,M,Y
4727,M,Y
4728,M,N
4729,M,N
4730,M,Y
4731,M,Y
4732,M,Y
4733,M,Y
4734,M,Y
4735,M,Y
4736,M,Y
4737,M,Y
4738,M,Y
4739,M,N
4740,M,Y
4741,M,N
4742,M,Y
4743,M,N
4744,M,N
4745,M,N
4746,M,N
4747,M,Y
4748,M,N
4749,M,Y
4750,M,Y
4751,M,N
4752,M,N
4753,M,N
4754,M,Y
4755,M,Y
4756,M,N
4757,M,Y
4758,M,N
4759,M,Y
4760,M,Y
4761,M,Y
4762,M,N
4763,M,N
4764,M,N
4765,M,Y
4766,M,Y
4767,M,N
4768,M,N
4769,M,N
4770,M,N
4771,M,N
4772,M,Y
4773,M,Y
4774,M,Y
4775,M,Y
4776,M,N
4777,M,N
4778,M,N
4779,M,Y
4780,M,N
4781,M,Y
4782,M,Y
4783,M,Y
4784,F,Y
4785,M,N
4786,M,N
4787,M,N
4788,M,Y
4789,M,Y
4790,M,N
4791,M,N
4792,M,N
4793,M,Y
4794,M,Y
4795,M,Y
4796,M,Y
4797,M,N
4798,M,N
4799,M,Y
4800,F,N
4801,M,Y
4802,M,N
4803,M,Y
4804,M,Y
4805,M,N
4806,M,N
4807,M,N
4808,M,N
4809,M,Y
4810,M,Y
4811,M,Y
4812,M,N
4813,M,N
4814,M,Y
4815,M,Y
4816,M,Y
4817,M,Y
4818,M,N
4819,M,Y
4820,M,N
4821,M,Y
4822,M,Y
4823,M,N
4824,M,Y
4825,M,N
4826,M,Y
4827,M,Y
4828,M,Y
4829,M,Y
4830,M,N
4831,M,Y
4832,M,N
4833,M,Y
4834,M,N
4835,M,Y
4836,M,Y
4837,M,N
4838,M,Y
4839,M,N
4840,M,Y
4841,M,Y
4842,M,N
4843,M,N
4844,M,Y
4845,M,N
4846,F,N
4847,M,N
4848,M,N
4849,M,Y
4850,M,Y
4851,M,N
4852,M,Y
4853,F,Y
4854,F,Y
4855,M,Y
4856,M,Y
4857,M,Y
4858,M,Y
4859,F,Y
4860,M,Y
4861,M,N
4862,M,N
4863,M,Y
4864,M,Y
4865,M,Y
4866,M,Y
4867,M,N
4868,F,N
4869,M,N
4870,M,Y
4871,M,N
4872,M,Y
4873,M,Y
4874,M,N
4875,M,Y
4876,M,N
4877,M,N
4878,M,Y
4879,M,N
4880,M,Y
4881,M,Y
4882,M,N
4883,M,Y
4884,M,N
4885,M,N
4886,M,N
4887,M,N
4888,M,Y
4889,M,Y
4890,M,N
4891,M,Y
4892,M,Y
4893,M,Y
4894,M,Y
4895,M,Y
4896,M,Y
4897,M,N
4898,M,Y
4899,M,Y
4900,M,N
4901,M,Y
4902,M,Y
4903,M,Y
4904,M,Y
4905,M,Y
4906,M,Y
4907,M,N
4908,M,Y
4909,M,N
4910,M,N
4911,M,Y
4912,M,Y
4913,M,Y
4914,M,Y
4915,M,N
4916,M,Y
4917,M,Y
4918,M,Y
4919,M,N
4920,M,N
4921,M,N
4922,M,Y
4923,F,Y
4924,M,Y
4925,M,N
4926,M,Y
4927,M,N
4928,M,Y
4929,M,N
4930,M,N
4931,M,N
4932,M,Y
4933,M,N
4934,M,N
4935,M,Y
4936,M,N
4937,M,N
4938,M,Y
4939,M,Y
4940,M,N
4941,M,N
4942,M,Y
4943,F,Y
4944,M,N
4945,M,N
4946,M,Y
4947,F,Y
4948,M,Y
4949,M,Y
4950,M,N
4951,M,N
4952,M,Y
4953,M,Y
4954,M,Y
4955,M,Y
4956,M,Y
4957,M,Y
4958,M,N
4959,M,N
4960,M,N
4961,M,N
4962,M,N
4963,M,Y
4964,M,Y
4965,M,Y
4966,M,Y
4967,M,N
4968,M,N
4969,M,N
4970,M,Y
4971,M,Y
4972,M,Y
4973,M,N
4974,M,N
4975,M,Y
4976,M,N
4977,M,Y
4978,M,Y
4979,M,Y
4980,M,N
4981,M,N
4982,F,N
4983,M,Y
4984,M,Y
4985,M,Y
4986,F,N
4987,M,Y
4988,M,Y
4989,M,N
4990,M,N
4991,M,Y
4992,M,N
4993,M,N
4994,M,N
4995,M,Y
4996,M,Y
4997,M,Y
4998,M,N
4999,M,Y
5000,M,Y
5001,M,N
5002,M,N
5003,M,Y
5004,M,Y
5005,M,Y
5006,F,Y
5007,M,N
5008,M,Y
5009,M,Y
5010,M,N
5011,M,Y
5012,M,N
5013,M,Y
5014,M,N
5015,M,N
5016,M,N
5017,M,N
5018,M,N
5019,M,Y
5020,F,N
5021,M,Y
5022,M,Y
5023,M,N
5024,M,Y
5025,M,Y
5026,M,Y
5027,M,N
5028,M,N
5029,M,Y
5030,M,N
5031,M,Y
5032,M,N
5033,M,N
5034,M,Y
5035,M,N
5036,M,N
5037,M,Y
5038,M,N
5039,M,N
5040,M,N
5041,M,N
5042,M,Y
5043,M,N
5044,M,N
5045,M,Y
5046,M,N
5047,M,N
5048,M,Y
5049,M,N
5050,M,N
5051,M,N
5052,M,N
5053,M,N
5054,M,Y
5055,M,Y
5056,M,N
5057,M,N
5058,M,N
5059,M,N
5060,M,N
5061,M,N
5062,M,N
5063,M,N
5064,M,N
5065,M,N
5066,M,N
5067,M,Y
5068,M,Y
5069,M,Y
5070,M,Y
5071,M,Y
5072,M,N
5073,M,Y
5074,M,Y
5075,M,Y
5076,M,Y
5077,M,Y
5078,M,N
5079,M,Y
5080,M,Y
5081,M,N
5082,M,N
5083,M,N
5084,M,Y
5085,M,Y
5086,M,Y
5087,M,N
5088,M,Y
5089,M,Y
5090,M,N
5091,M,Y
5092,M,N
5093,M,Y
5094,M,Y
5095,M,Y
5096,M,N
5097,M,Y
5098,F,N
5099,M,Y
5100,M,Y
5101,M,Y
5102,M,N
5103,M,N
5104,F,N
5105,M,Y
5106,M,Y
5107,M,N
5108,M,N
5109,M,Y
5110,M,N
5111,M,N
5112,M,N
5113,M,N
5114,M,Y
5115,M,Y
5116,M,Y
5117,M,Y
5118,M,Y
5119,M,Y
5120,M,Y
5121,M,Y
5122,M,Y
5123,M,Y
5124,M,Y
5125,M,N
5126,M,Y
5127,F,Y
5128,M,Y
5129,M,Y
5130,M,N
5131,M,N
5132,M,N
5133,M,N
5134,M,Y
5135,M,Y
5136,M,N
5137,M,Y
5138,M,Y
5139,M,Y
5140,M,N
5141,M,Y
5142,M,Y
5143,M,Y
5144,M,Y
5145,M,Y
5146,M,Y
5147,M,Y
5148,M,Y
5149,M,Y
5150,M,N
5151,M,Y
5152,M,Y
5153,M,Y
5154,M,Y
5155,M,Y
5156,F,Y
5157,M,Y
5158,M,N
5159,M,N
5160,M,N
5161,M,Y
5162,M,N
5163,M,Y
5164,M,N
5165,M,Y
5166,M,Y
5167,M,N
5168,M,Y
5169,M,Y
5170,M,Y
5171,M,Y
5172,M,Y
5173,M,Y
5174,M,Y
5175,M,N
5176,M,Y
5177,M,Y
5178,M,N
5179,M,Y
5180,M,Y
5181,M,Y
5182,M,Y
5183,M,N
5184,M,N
5185,M,Y
5186,M,Y
5187,M,N
5188,F,Y
5189,F,N
5190,M,N
5191,M,Y
5192,M,Y
5193,M,Y
5194,M,Y
5195,M,N
5196,M,Y
5197,M,N
5198,M,Y
5199,M,N
5200,M,N
5201,M,Y
5202,M,Y
5203,M,N
5204,M,Y
5205,M,Y
5206,M,Y
5207,M,N
5208,M,N
5209,M,Y
5210,M,Y
5211,M,Y
5212,M,N
5213,M,N
5214,M,Y
5215,M,N
5216,M,Y
5217,M,N
5218,F,Y
5219,F,Y
5220,M,Y
5221,M,Y
5222,M,Y
5223,M,Y
5224,M,Y
5225,M,N
5226,M,Y
5227,M,N
5228,M,N
5229,M,Y
5230,M,Y
5231,M,Y
5232,M,Y
5233,M,N
5234,M,Y
5235,M,N
5236,M,Y
5237,M,Y
5238,M,Y
5239,M,Y
5240,M,Y
5241,M,Y
5242,M,N
5243,M,Y
5244,M,Y
5245,M,N
5246,M,N
5247,M,Y
5248,M,Y
5249,M,Y
5250,M,N
5251,M,Y
5252,F,N
5253,M,Y
5254,M,N
5255,M,Y
5256,F,Y
5257,M,Y
5258,M,N
5259,M,N
5260,F,N
5261,M,N
5262,F,N
5263,M,N
5264,M,Y
5265,M,N
5266,M,Y
5267,F,N
5268,M,N
5269,M,N
5270,M,Y
5271,M,N
5272,M,Y
5273,M,Y
5274,M,N
5275,M,Y
5276,M,N
5277,M,N
5278,M,N
5279,F,Y
5280,M,N
5281,M,N
5282,F,Y
5283,M,N
5284,M,N
5285,M,N
5286,M,Y
5287,F,N
5288,M,Y
5289,M,N
5290,F,Y
5291,M,N
5292,M,Y
5293,M,Y
5294,M,N
5295,M,N
5296,M,N
5297,M,N
5298,M,Y
5299,M,N
5300,M,N
5301,M,N
5302,M,N
5303,F,N
5304,M,N
5305,F,N
5306,M,Y
5307,M,N
5308,M,N
5309,M,Y
5310,M,Y
5311,M,Y
5312,M,Y
5313,M,N
5314,M,N
5315,M,N
5316,M,Y
5317,M,N
5318,M,N
5319,M,Y
5320,M,Y
5321,M,Y
5322,M,Y
5323,M,Y
5324,M,N
5325,M,N
5326,M,Y
5327,M,N
5328,M,N
5329,M,N
5330,M,Y
5331,M,N
5332,M,N
5333,M,Y
5334,F,N
5335,M,N
5336,M,Y
5337,M,Y
5338,M,N
5339,M,N
5340,M,Y
5341,M,Y
5342,M,N
5343,M,Y
5344,M,Y
5345,M,N
5346,F,N
5347,M,Y
5348,M,Y
5349,M,Y
5350,M,Y
5351,M,Y
5352,M,Y
5353,M,Y
5354,M,Y
5355,M,Y
